film_id,source,rank
7345,GUA,1
7345,NYT,3
843,GUA,5
843,NYT,4
1018,GUA,11
1018,NYT,2
376867,GUA,8
376867,NYT,5
85350,GUA,3
85350,NYT,23
129,GUA,22
129,NYT,9
419430,GUA,25
419430,NYT,8
120467,GUA,27
120467,NYT,22
76203,GUA,2
76203,NYT,51
9428,GUA,33
9428,NYT,21
12573,GUA,18
12573,NYT,36
106646,GUA,43
106646,NYT,20
37799,GUA,54
37799,NYT,10
25538,GUA,26
25538,NYT,40
426426,GUA,20
426426,NYT,46
146,GUA,51
146,NYT,16
60243,GUA,36
60243,NYT,33
97370,GUA,4
97370,NYT,69
496,GUA,23
496,NYT,53
142,GUA,66
142,NYT,17
6977,GUA,86
6977,NYT,6
123678,GUA,16
123678,NYT,82
80,GUA,50
80,NYT,49
374475,GUA,44
374475,NYT,59
153,GUA,77
153,NYT,30
8967,GUA,28
8967,NYT,79
21575,GUA,74
21575,NYT,35
155,GUA,98
155,NYT,28
219,GUA,46
219,NYT,80
49047,GUA,32
49047,NYT,97
398818,GUA,95
398818,NYT,37
466272,GUA,100
466272,NYT,44
161,GUA,78
161,NYT,71
8699,GUA,70
8699,NYT,85
12162,GUA,92
12162,NYT,68
24469,GUA,81
24469,NYT,91
98,GUA,94
98,NYT,92
496243,NYT,1
445,GUA,6
4960,GUA,7
38,NYT,7
326382,GUA,9
3989,GUA,10
76341,NYT,11
336050,GUA,12
467244,NYT,12
10712,GUA,13
9693,NYT,13
46207,GUA,14
16869,NYT,14
505192,GUA,15
598,NYT,15
179144,GUA,17
1391,NYT,18
72976,GUA,19
1949,NYT,19
37903,GUA,21
209274,GUA,24
152601,NYT,24
400617,NYT,25
915935,NYT,26
2757,NYT,27
129670,GUA,29
329865,NYT,29
265180,GUA,30
291270,GUA,31
1422,NYT,31
55721,NYT,32
11490,GUA,34
10681,NYT,34
311291,GUA,35
553,GUA,37
74879,GUA,38
531428,NYT,38
57120,GUA,39
391713,NYT,39
29982,GUA,40
290098,GUA,41
194,NYT,41
2009,GUA,42
68722,NYT,42
670,NYT,43
407806,GUA,45
60308,NYT,45
44754,GUA,47
786,NYT,47
25520,GUA,48
582,NYT,48
2750,GUA,49
14160,NYT,50
55,GUA,52
375262,NYT,52
377151,GUA,53
1417,NYT,54
16646,GUA,55
27205,NYT,55
119675,GUA,56
8051,NYT,56
443463,GUA,57
13785,NYT,57
9364,GUA,58
473033,NYT,58
117691,GUA,59
72105,GUA,60
244786,NYT,60
473019,GUA,61
24,NYT,61
47226,GUA,62
77,NYT,62
71859,GUA,63
773,NYT,63
9806,GUA,64
210577,NYT,64
481432,GUA,65
872585,NYT,65
314365,NYT,66
38810,GUA,67
817758,NYT,67
245700,GUA,68
346648,GUA,69
13310,NYT,70
517814,GUA,71
8885,GUA,72
258480,NYT,72
296360,GUA,73
2062,NYT,73
394117,NYT,74
205220,GUA,75
86837,NYT,75
14633,GUA,76
134,NYT,76
545611,NYT,77
965150,NYT,78
2011,GUA,79
641,GUA,80
44214,NYT,81
128216,GUA,82
11447,GUA,83
86829,NYT,83
11534,GUA,84
62215,NYT,84
491584,GUA,85
666277,NYT,86
1116,GUA,87
120,NYT,87
8882,GUA,88
44379,NYT,88
194101,GUA,89
157336,NYT,89
283330,GUA,90
121986,NYT,90
5168,GUA,91
5817,GUA,93
4566,NYT,93
180,NYT,94
660120,NYT,95
458342,GUA,96
284054,NYT,96
1777,GUA,97
501,NYT,98
29963,GUA,99
11423,NYT,99
8363,NYT,100
1018,BBC,1
843,BBC,2
7345,BBC,3
129,BBC,4
85350,BBC,5
38,BBC,6
8967,BBC,7
25538,BBC,8
60243,BBC,9
6977,BBC,10
86829,BBC,11
1949,BBC,12
9693,BBC,13
123678,BBC,14
2009,BBC,15
103328,BBC,16
1417,BBC,17
37903,BBC,18
76341,BBC,19
4960,BBC,20
120467,BBC,21
153,BBC,22
445,BBC,23
68722,BBC,24
77,BBC,25
1429,BBC,26
37799,BBC,27
64,BBC,28
10681,BBC,29
670,BBC,30
44754,BBC,31
582,BBC,32
155,BBC,33
336050,BBC,34
146,BBC,35
265228,BBC,36
38368,BBC,37
598,BBC,38
11400,BBC,39
142,BBC,40
150540,BBC,41
86837,BBC,42
62215,BBC,43
76203,BBC,44
152584,BBC,45
48303,BBC,46
265180,BBC,47
167073,BBC,48
114982,BBC,49
253450,BBC,50
27205,BBC,51
11534,BBC,52
824,BBC,53
74879,BBC,54
209274,BBC,55
23160,BBC,56
97630,BBC,57
39504,BBC,58
59,BBC,59
27904,BBC,60
97370,BBC,61
16869,BBC,62
81401,BBC,63
179144,BBC,64
24469,BBC,65
113,BBC,66
12162,BBC,67
9428,BBC,68
258480,BBC,69
128216,BBC,70
93858,BBC,71
152603,BBC,72
80,BBC,73
122081,BBC,74
171274,BBC,75
553,BBC,76
2013,BBC,77
106646,BBC,78
786,BBC,79
11190,BBC,80
76025,BBC,81
12573,BBC,82
644,BBC,83
152601,BBC,84
21575,BBC,85
10712,BBC,86
194,BBC,87
314365,BBC,88
8898,BBC,89
423,BBC,90
25376,BBC,91
4512,BBC,92
2062,BBC,93
13310,BBC,94
83666,BBC,95
12,BBC,96
46207,BBC,97
14633,BBC,98
44379,BBC,99
43434,BBC,100
641,BBC,100
374475,BBC,100
238,ROL,1
240,ROL,1
426,ROL,2
3114,ROL,3
62,ROL,4
15,ROL,5
1578,ROL,6
829,ROL,7
3090,ROL,8
793,ROL,9
680,ROL,10
244,ROL,11
982,ROL,12
275,ROL,13
705,ROL,14
925,ROL,15
3112,ROL,16
992,ROL,17
239,ROL,18
3121,ROL,19
630,ROL,20
976,ROL,21
68,ROL,22
11549,ROL,23
3133,ROL,24
931,ROL,25
770,ROL,26
289,ROL,27
1585,ROL,28
872,ROL,29
654,ROL,30
578,ROL,31
510,ROL,32
947,ROL,33
274,ROL,34
1891,ROL,35
522,ROL,36
753,ROL,37
703,ROL,38
475,ROL,39
994,ROL,40
1092,ROL,41
891,ROL,42
229,ROL,43
221,ROL,44
69605,ROL,45
20325,ROL,46
19542,ROL,47
10774,ROL,48
16305,ROL,49
37247,ROL,50
832,ROL,51
44494,ROL,52
776,ROL,53
2457,ROL,54
5156,ROL,55
27030,ROL,56
18148,ROL,57
346,ROL,58
5801,ROL,59
269,ROL,60
147,ROL,61
439,ROL,62
4497,ROL,63
797,ROL,64
8416,ROL,65
2000,ROL,66
37550,ROL,67
144,ROL,68
4203,ROL,69
10835,ROL,70
901,ROL,71
10784,ROL,72
11450,ROL,73
37719,ROL,74
30197,ROL,75
27223,ROL,76
218,ROL,77
15794,ROL,78
3085,ROL,79
678,ROL,80
713,ROL,81
1052,ROL,82
11644,ROL,83
981,ROL,84
14554,ROL,85
1859,ROL,86
13776,ROL,87
94725,ROL,88
33,ROL,89
3116,ROL,90
26748,ROL,91
26031,ROL,92
11386,ROL,93
12626,ROL,94
9540,ROL,95
29353,ROL,96
10331,ROL,97
762,ROL,98
3059,ROL,99
136,ROL,100
15,VIL,1
776,VIL,2
426,VIL,3
3114,VIL,4
26317,VIL,5
631,VIL,6
43904,VIL,7
780,VIL,8
20108,VIL,9
548,VIL,10
62,VIL,11
238,VIL,12
5801,VIL,13
618,VIL,14
630,VIL,15
1585,VIL,16
48035,VIL,17
3059,VIL,18
44012,VIL,19
539,VIL,20
829,VIL,21
832,VIL,22
346,VIL,23
27030,VIL,24
965,VIL,25
15244,VIL,26
899,VIL,27
1405,VIL,28
14696,VIL,29
1092,VIL,30
240,VIL,31
961,VIL,32
490,VIL,33
103,VIL,34
3112,VIL,35
18148,VIL,36
5156,VIL,37
901,VIL,38
244,VIL,39
19,VIL,40
1626,VIL,41
992,VIL,42
2000,VIL,43
3063,VIL,44
599,VIL,45
3175,VIL,46
147,VIL,47
25768,VIL,48
266,VIL,49
962,VIL,50
213,VIL,51
86811,VIL,52
69912,VIL,53
1480,VIL,55
29845,VIL,56
3086,VIL,57
8416,VIL,58
32255,VIL,59
11697,VIL,60
690,VIL,61
27197,VIL,62
30017,VIL,64
24192,VIL,65
662,VIL,66
3082,VIL,67
444465,VIL,68
800,VIL,69
8429,VIL,70
26606,VIL,71
42044,VIL,72
872,VIL,73
8074,VIL,74
833,VIL,75
29082,VIL,76
705,VIL,77
43316,VIL,78
643,VIL,79
303,VIL,80
2786,VIL,81
42254,VIL,82
30497,VIL,83
775,VIL,84
88421,VIL,85
5055,VIL,86
5722,VIL,87
56167,VIL,88
5336,VIL,89
27019,VIL,90
4710,VIL,91
653,VIL,92
11,VIL,93
78,VIL,94
229,VIL,95
1628,VIL,96
47795,VIL,97
203,VIL,98
21734,VIL,99
11906,VIL,100
44012,SIS,1
426,SIS,2
15,SIS,3
18148,SIS,4
843,SIS,5
62,SIS,6
14626,SIS,7
1018,SIS,8
26317,SIS,9
872,SIS,10
631,SIS,11
238,SIS,12
776,SIS,13
499,SIS,14
3114,SIS,15
27040,SIS,16
30017,SIS,17
797,SIS,18
28,SIS,19
346,SIS,20
20530,SIS,21
780,SIS,22
10227,SIS,23
925,SIS,24
20108,SIS,25
3112,SIS,26
42044,SIS,27
46919,SIS,28
103,SIS,29
531428,SIS,30
422,SIS,31
592733,SIS,32
539,SIS,33
43904,SIS,34
5801,SIS,35
901,SIS,36
832,SIS,37
567,SIS,38
239,SIS,39
269,SIS,40
5156,SIS,41
548,SIS,42
27432,SIS,43
1398,SIS,44
3175,SIS,45
213,SIS,46
17295,SIS,47
48035,SIS,48
80560,SIS,49
147,SIS,50
713,SIS,51
216,SIS,52
86814,SIS,53
643,SIS,54
78,SIS,55
266,SIS,56
992,SIS,57
284,SIS,58
1563,SIS,59
68427,SIS,60
439,SIS,61
376867,SIS,62
289,SIS,63
769,SIS,64
1092,SIS,65
77771,SIS,66
895,SIS,67
662,SIS,68
19,SIS,69
44379,SIS,70
19542,SIS,71
2748,SIS,72
5165,SIS,73
8392,SIS,74
34148,SIS,75
20532,SIS,76
129,SIS,77
15804,SIS,78
28162,SIS,79
27019,SIS,80
97035,SIS,81
3082,SIS,82
599,SIS,83
31414,SIS,84
793,SIS,85
2786,SIS,86
4495,SIS,87
11104,SIS,88
694,SIS,89
27030,SIS,90
1309516,SIS,91
1040,SIS,92
14696,SIS,93
256088,SIS,94
15244,SIS,95
95597,SIS,96
419430,SIS,97
335,SIS,98
961,SIS,99
11534,SIS,100
